<?xml version="1.0"?>
<Document>
    <Question id="1" Category="JComboBox">
        <QText>Solve: x + y + z = 10, x - 2y + 3z = 5, 3x - 4y - 5z = -7</QText>
        <Option id="1">x = 5, y = 5, z = 0</Option>
        <Option id="2">x = 5, y = -5, z = 10</Option>
        <Option id="3">x = 3, y = 2, z = 5</Option>
        <Option id="4">x = 5, y = 3, z = 2</Option>
        <Answer id="1">x = 5, y = 3, z = 2</Answer>
        <QText>Solve: some problem</QText>
        <Option id="1">Incorrect Answer</Option>
        <Option id="2">Incorrect Answer</Option>
        <Option id="3">Another Incorrect Answer</Option>
        <Option id="4">Correct Answer</Option>
        <Answer id="2">Correct Answer</Answer>
    </Question>
    <Question id="2" Category = "JRadioButton">
        <QText>Which of the following is(are) compound word(s):</QText>
        <Option id="1">Tutoring</Option>
        <Option id="2">Forget</Option>
        <Option id="3">Information</Option>
        <Option id="4">Alongside</Option>
        <Answer id="3">Forget,Alongside</Answer>
        <QText>Which of the following are correct?</QText>
        <Option id="1">Incorrect</Option>
        <Option id="2">Correct1</Option>
        <Option id="3">Incorrect</Option>
        <Option id="4">Correct2</Option>
        <Answer id="4">Correct1,Correct2</Answer>
    </Question>
    <Question id="3" Category = "JButton">
        <QText>What is the decimal equivalent of binary '11000101'?</QText>
        <Option id="1">190</Option>
        <Option id="2">207</Option>
        <Option id="3">197</Option>
        <Option id="4">198</Option>
        <Answer id="5">197</Answer>
        <QText>What is the correct answer?</QText>
        <Option id="1">number 1</Option>
        <Option id="2">number 2</Option>
        <Option id="3">number 3</Option>
        <Option id="4">number 4</Option>
        <Answer id="6">number 2</Answer>
    </Question>
    <Question id="4" Category="JTextArea">
        <QText>What is the full form of ATP?</QText>
        <Answer id="7">Adenosine Triphosphate</Answer>
        <QText>What is my name?</QText>
        <Answer id="8">David</Answer>
    </Question>
    
</Document>
